name,datetime,temp,feelslike,dew,humidity,precip,precipprob,preciptype,snow,snowdepth,windgust,windspeed,winddir,sealevelpressure,cloudcover,visibility,solarradiation,solarenergy,uvindex,severerisk,conditions,icon,stations
"London,UK",2024-08-13T00:00:00,21.2,21.2,11.7,54.87,0,0,,0,0,24.5,15.4,280,1009,27.5,10,0,0,0,10,Partially cloudy,partly-cloudy-night,"EGWU,EGLL,D5621,EGLC"
"London,UK",2024-08-13T01:00:00,19.4,19.4,11,58.17,0,0,,0,0,20.2,13.3,264,1009,15.1,10,0,0,0,10,Clear,clear-night,"EGWU,EGLL,D5621,EGLC"
"London,UK",2024-08-13T02:00:00,18.6,18.6,11.7,64.5,0,0,,0,0,20.2,10.2,235,1009,46,10,0,0,0,10,Partially cloudy,partly-cloudy-night,"EGWU,EGLL,D5621,EGLC"
"London,UK",2024-08-13T03:00:00,17.6,17.6,11.8,68.82,0,0,,0,0,17.6,12.5,242,1009,0,10,0,0,0,10,Clear,clear-night,"EGWU,EGLL,D5621,EGLC"
"London,UK",2024-08-13T04:00:00,16.6,16.6,12,74.2,0,0,,0,0,15.8,13,242,1009.2,62,10,0,0,0,10,Partially cloudy,partly-cloudy-night,"EGWU,EGLL,D5621,EGLC"
"London,UK",2024-08-13T05:00:00,16,16,12,77.13,0,0,,0,0,14.8,9.9,229,1009,55.3,10,0,0,0,10,Partially cloudy,partly-cloudy-night,"EGWU,EGLL,D5621,EGLC"
"London,UK",2024-08-13T06:00:00,15,15,12,82.23,0,0,,0,0,14.8,11.5,234,1009.2,100,10,15,0.1,0,10,Overcast,cloudy,"EGWU,EGLL,D5621,EGLC"
"London,UK",2024-08-13T07:00:00,15.2,15.2,12,81.12,0,0,,0,0,13.3,9.6,228,1009.2,77.2,10,57,0.2,1,10,Partially cloudy,partly-cloudy-day,"EGWU,EGLL,D5621,EGLC"
"London,UK",2024-08-13T08:00:00,16.2,16.2,12.2,77.16,0,0,,0,0,16.2,10.8,230,1009.2,78.8,10,99,0.4,1,10,Partially cloudy,partly-cloudy-day,"EGWU,EGLL,D5621,EGLC"
"London,UK",2024-08-13T09:00:00,18.2,18.2,12.8,70.76,0,0,,0,0,20.5,10.5,220,1010,100,10,464,1.7,5,10,Overcast,cloudy,"EGWU,EGLL,D5621,EGLC"
"London,UK",2024-08-13T10:00:00,19.6,19.6,12.2,62.33,0,0,,0,0,23.4,11.2,226,1009,88,10,591,2.1,6,10,Partially cloudy,partly-cloudy-day,"EGWU,EGLL,D5621,EGLC"
"London,UK",2024-08-13T11:00:00,21.2,21.2,11.6,54.22,0,0,,0,0,24.8,14.4,246,1009.2,50,10,644,2.3,6,10,Partially cloudy,partly-cloudy-day,"EGWU,EGLL,D5621,EGLC"
"London,UK",2024-08-13T12:00:00,23.2,23.2,11.9,49.26,0,0,,0,0,26.6,17.3,238,1009.2,25,10,759,2.7,8,10,Partially cloudy,partly-cloudy-day,"EGWU,EGLL,D5621,EGLC"
"London,UK",2024-08-13T13:00:00,23.8,23.8,12.8,50.14,0,0,,0,0,27,18.2,240,1009,25,10,786,2.8,8,10,Partially cloudy,partly-cloudy-day,"EGWU,EGLL,D5621,EGLC"
"London,UK",2024-08-13T14:00:00,25.4,25.4,12.4,44.37,0,0,,0,0,29.5,15.1,226,1009,25,10,172,0.6,2,10,Partially cloudy,partly-cloudy-day,"EGWU,EGLL,D5621,EGLC"
"London,UK",2024-08-13T15:00:00,26.4,26.4,11.6,39.62,0,0,,0,0,31,16.9,203,1009,7.5,10,135,0.5,1,10,Clear,clear-day,"EGWU,EGLL,D5621,EGLC"
"London,UK",2024-08-13T16:00:00,26.8,26.6,10.8,36.75,0,0,,0,0,32.4,15.4,208,1008.2,41.7,10,126,0.5,1,10,Partially cloudy,partly-cloudy-day,"EGWU,EGLL,D5621,EGLC"
"London,UK",2024-08-13T17:00:00,24.3,24.3,13.2,49.94,0,0,,0,0,32.8,13.7,222.2,1009,45.6,24.1,522,1.9,5,10,Partially cloudy,partly-cloudy-day,
"London,UK",2024-08-13T18:00:00,23.6,23.6,13,51.41,0,0,,0,0,32.8,11.9,228,1009,42.8,24.1,329,1.2,3,10,Partially cloudy,partly-cloudy-day,
"London,UK",2024-08-13T19:00:00,22.7,22.7,14.1,58.31,0,0,,0,0,28.8,11.2,233.9,1009,40.1,24.1,170,0.6,2,10,Partially cloudy,partly-cloudy-day,
"London,UK",2024-08-13T20:00:00,21.7,21.7,11.8,53.32,0,3.2,,0,0,25.9,10.1,237.6,1009,38.6,24.1,69,0.2,1,10,Partially cloudy,partly-cloudy-day,
"London,UK",2024-08-13T21:00:00,20.5,20.5,12.4,59.71,0,3.2,,0,0,23.4,7.6,224.7,1010,70.7,24.1,0,0,0,10,Partially cloudy,partly-cloudy-night,
"London,UK",2024-08-13T22:00:00,19.4,19.4,13,66.49,0,3.2,,0,0,16.6,7.2,219.2,1011,75.1,24.1,0,0,0,10,Partially cloudy,partly-cloudy-night,
"London,UK",2024-08-13T23:00:00,18.5,18.5,13.8,74.09,0,3.2,,0,0,16.6,7.2,238.9,1011,80.5,24.1,0,0,0,10,Partially cloudy,partly-cloudy-night,
"London,UK",2024-08-14T00:00:00,18.1,18.1,13.8,75.98,0,3.2,,0,0,16.2,6.1,243.7,1011,100,24.1,0,0,0,10,Overcast,cloudy,
"London,UK",2024-08-14T01:00:00,17.4,17.4,13.7,78.89,0,3.2,,0,0,14.4,4.7,252.4,1011,100,24.1,0,0,0,10,Overcast,cloudy,
"London,UK",2024-08-14T02:00:00,16.7,16.7,13.7,82.47,0,6.5,,0,0,10.1,3.6,235.1,1011,100,24.1,0,0,0,10,Overcast,cloudy,
"London,UK",2024-08-14T03:00:00,16.2,16.2,13.7,85.13,0,6.5,,0,0,8.3,3.2,228.5,1011,100,24.1,0,0,0,10,Overcast,cloudy,
"London,UK",2024-08-14T04:00:00,15.8,15.8,13.8,87.9,0,6.5,,0,0,7.6,3.6,243.1,1011,97.8,24.1,0,0,0,10,Overcast,cloudy,
"London,UK",2024-08-14T05:00:00,15.7,15.7,13.8,88.47,0,6.5,,0,0,7.9,2.2,216.2,1011,100,24.1,0,0,0,10,Overcast,cloudy,
"London,UK",2024-08-14T06:00:00,15.7,15.7,13.9,89.05,0,6.5,,0,0,5,2.5,221.2,1011,100,24.1,0,0,0,10,Overcast,cloudy,
"London,UK",2024-08-14T07:00:00,16.3,16.3,14.1,86.82,0,6.5,,0,0,5.4,2.2,207.7,1012,98.2,24.1,9,0,0,10,Overcast,cloudy,
"London,UK",2024-08-14T08:00:00,17.2,17.2,14.2,82.53,0,3.2,,0,0,8.6,3.2,238.2,1012,100,24.1,127,0.5,1,10,Overcast,cloudy,
"London,UK",2024-08-14T09:00:00,17.9,17.9,14.3,79.47,0,3.2,,0,0,14,5.8,243.3,1013,99.3,24.1,177,0.6,2,10,Overcast,cloudy,
"London,UK",2024-08-14T10:00:00,18.4,18.4,14.5,78.02,0,3.2,,0,0,15.5,5.4,239.7,1013,99.2,24.1,397,1.4,4,10,Overcast,cloudy,
"London,UK",2024-08-14T11:00:00,19.2,19.2,14.8,75.67,0,3.2,,0,0,20.5,8.6,247,1013,99.5,24.1,395,1.4,4,10,Overcast,cloudy,
"London,UK",2024-08-14T12:00:00,19.5,19.5,15,75.23,0,3.2,,0,0,23.8,9.7,247.5,1013,98.6,24.1,512,1.8,5,10,Overcast,cloudy,
"London,UK",2024-08-14T13:00:00,20.2,20.2,15.1,72.5,0,3.2,,0,0,25.2,9.7,249,1013,100,24.1,657,2.4,7,10,Overcast,cloudy,
"London,UK",2024-08-14T14:00:00,21.3,21.3,15.3,68.63,0,19.4,,0,0,23,9.4,251.6,1013,99.9,24.1,435,1.6,4,10,Overcast,cloudy,
"London,UK",2024-08-14T15:00:00,21,21,15.8,72.18,0,19.4,,0,0,26.3,11.2,270.5,1013,100,24.1,243,0.9,2,10,Overcast,cloudy,
"London,UK",2024-08-14T16:00:00,20.8,20.8,15.9,73.54,0,19.4,,0,0,26.3,9.7,277.8,1013,100,24.1,230,0.8,2,10,Overcast,cloudy,
"London,UK",2024-08-14T17:00:00,20.8,20.8,15.8,73.07,0,19.4,,0,0,24.5,10.4,287.2,1014,100,24.1,293,1.1,3,10,Overcast,cloudy,
"London,UK",2024-08-14T18:00:00,20.9,20.9,15.4,70.79,0,19.4,,0,0,24.8,7.6,285.2,1014,94.9,24.1,236,0.8,2,10,Overcast,cloudy,
"London,UK",2024-08-14T19:00:00,20.4,20.4,15.6,73.94,0,19.4,,0,0,25.6,11.2,298.9,1014,91.5,24.1,156,0.6,2,10,Overcast,cloudy,
"London,UK",2024-08-14T20:00:00,19.6,19.6,15.4,76.71,0,6.5,,0,0,25.9,7.9,322,1015,88.5,24.1,73,0.3,1,10,Partially cloudy,partly-cloudy-day,
"London,UK",2024-08-14T21:00:00,19.1,19.1,15.3,78.63,0,6.5,,0,0,18.4,3.6,318.1,1015,74.9,24.1,0,0,0,10,Partially cloudy,partly-cloudy-night,
"London,UK",2024-08-14T22:00:00,18.1,18.1,15.4,84.25,0,6.5,,0,0,8.3,3.2,214.3,1015,7.6,24.1,0,0,0,10,Clear,clear-night,
"London,UK",2024-08-14T23:00:00,17.2,17.2,15.4,89.16,0,6.5,,0,0,7.2,3.2,215.9,1016,0,24.1,0,0,0,10,Clear,clear-night,
"London,UK",2024-08-15T00:00:00,16.5,16.5,15.2,92.02,0,6.5,,0,0,7.2,3.6,198.6,1016,5.4,24.1,0,0,0,10,Clear,clear-night,
"London,UK",2024-08-15T01:00:00,15.9,15.9,14.7,92.58,0,6.5,,0,0,9.7,4.7,220.5,1016,3.4,24.1,0,0,0,10,Clear,clear-night,
"London,UK",2024-08-15T02:00:00,15.6,15.6,14.1,90.79,0,0,,0,0,13.7,6.5,225.4,1016,0,24.1,0,0,0,10,Clear,clear-night,
"London,UK",2024-08-15T03:00:00,15.1,15.1,12.8,86.14,0,0,,0,0,17.6,7.6,233.4,1016,37.3,24.1,0,0,0,10,Partially cloudy,partly-cloudy-night,
"London,UK",2024-08-15T04:00:00,14.5,14.5,12.2,86.08,0,0,,0,0,16.6,6.8,239.5,1016,100,24.1,0,0,0,10,Overcast,cloudy,
"London,UK",2024-08-15T05:00:00,14,14,11.6,85.46,0,0,,0,0,15.8,6.5,230.2,1016,2.9,24.1,0,0,0,10,Clear,clear-night,
"London,UK",2024-08-15T06:00:00,13.4,13.4,10.5,82.6,0,0,,0,0,15.5,7.2,237.8,1016,0,24.1,0,0,0,10,Clear,clear-day,
"London,UK",2024-08-15T07:00:00,13.8,13.8,10.7,81.56,0,0,,0,0,15.8,6.8,223,1016,100,24.1,52,0.2,1,10,Overcast,cloudy,
"London,UK",2024-08-15T08:00:00,15.3,15.3,11.1,76.02,0,0,,0,0,20.2,8.6,221,1017,28.7,24.1,168,0.6,2,10,Partially cloudy,partly-cloudy-day,
"London,UK",2024-08-15T09:00:00,17.2,17.2,11.4,68.7,0,0,,0,0,28.4,11.9,220.9,1017,100,24.1,286,1,3,10,Overcast,cloudy,
"London,UK",2024-08-15T10:00:00,18.3,18.3,12.3,68.02,0,0,,0,0,34.6,14.8,222.6,1017,100,24.1,436,1.6,4,10,Overcast,cloudy,
"London,UK",2024-08-15T11:00:00,19.4,19.4,13.6,69.14,0,0,,0,0,39.2,16.6,219.5,1016,100,24.1,540,1.9,5,10,Overcast,cloudy,
"London,UK",2024-08-15T12:00:00,20.2,20.2,13.6,65.79,0,0,,0,0,43.2,18.7,219.5,1016,98.2,24.1,641,2.3,6,10,Overcast,cloudy,
"London,UK",2024-08-15T13:00:00,21.1,21.1,13.7,62.65,0,0,,0,0,46.4,19.8,216.2,1015,95.7,24.1,672,2.4,7,10,Overcast,cloudy,
"London,UK",2024-08-15T14:00:00,21.8,21.8,14,61.2,0,3.2,,0,0,47.5,20.5,215.6,1015,92.9,24.1,479,1.7,5,10,Overcast,cloudy,
"London,UK",2024-08-15T15:00:00,22.1,22.1,14.7,62.87,0,3.2,,0,0,48.6,20.9,216.2,1014,98.8,24.1,356,1.3,4,10,Overcast,cloudy,
"London,UK",2024-08-15T16:00:00,21.8,21.8,15.3,66.56,0,3.2,,0,0,59,22,218.6,1014,96.7,24.1,285,1,3,10,Overcast,cloudy,
"London,UK",2024-08-15T17:00:00,21.3,21.3,15.8,70.86,0,3.2,,0,0,50.4,20.5,218.2,1013,99.7,24.1,350,1.3,4,10,Overcast,cloudy,
"London,UK",2024-08-15T18:00:00,20.5,20.5,15.9,74.91,0.1,3.2,rain,0,0,47.5,20.2,223.4,1013,98,24.1,126,0.5,1,10,Overcast,cloudy,
"London,UK",2024-08-15T19:00:00,20.2,20.2,16.3,78.29,0,3.2,,0,0,55.1,15.5,208.6,1012,99.7,24.1,135,0.5,1,10,Overcast,cloudy,
"London,UK",2024-08-15T20:00:00,19.6,19.6,16.3,81.25,0.1,32.3,rain,0,0,45.7,16.9,213.7,1012,99.7,24.1,48,0.2,0,10,Overcast,cloudy,
"London,UK",2024-08-15T21:00:00,19,19,16.6,85.97,0.3,32.3,rain,0,0,45.4,19.1,221.6,1013,99.6,24.1,0,0,0,10,Overcast,cloudy,
"London,UK",2024-08-15T22:00:00,18.6,18.6,16.8,89.27,1.1,32.3,rain,0,0,43.9,15.8,219.7,1013,100,24.1,0,0,0,10,Overcast,cloudy,
"London,UK",2024-08-15T23:00:00,18.7,18.7,17.1,90.42,0.8,32.3,rain,0,0,37.1,15.8,226.8,1012,99.7,24.1,0,0,0,10,Overcast,cloudy,
"London,UK",2024-08-16T00:00:00,18.8,18.8,17,89.29,0.6,32.3,rain,0,0,37.8,16.6,224.6,1012,99.1,24.1,0,0,0,10,Overcast,cloudy,
"London,UK",2024-08-16T01:00:00,18.9,18.9,17.1,89.3,0,32.3,,0,0,37.4,14.4,224.1,1012,100,24.1,0,0,0,10,Overcast,cloudy,
"London,UK",2024-08-16T02:00:00,18.9,18.9,17.3,90.43,0.1,54.8,rain,0,0,32.8,12.2,231.5,1012,100,22.2,0,0,0,10,"Rain, Overcast",rain,
"London,UK",2024-08-16T03:00:00,18.7,18.7,17.4,92.15,0.3,54.8,rain,0,0,28.1,8.6,224.4,1011,100,24.1,0,0,0,10,"Rain, Overcast",rain,
"London,UK",2024-08-16T04:00:00,18.6,18.6,17.2,91.57,0.1,54.8,rain,0,0,22.7,10.1,231.2,1011,98.3,24.1,0,0,0,10,"Rain, Overcast",rain,
"London,UK",2024-08-16T05:00:00,18.4,18.4,17,91.55,0.2,54.8,rain,0,0,23.4,8.3,248.5,1011,98.8,17.7,0,0,0,10,"Rain, Overcast",rain,
"London,UK",2024-08-16T06:00:00,18.2,18.2,16.6,90.39,0,54.8,rain,0,0,22,7.6,261.1,1012,80.3,23.7,0,0,0,10,"Rain, Partially cloudy",rain,
"London,UK",2024-08-16T07:00:00,18.1,18.1,16.5,90.38,0.1,54.8,rain,0,0,17.3,7.6,263.5,1012,79.5,24.1,39,0.1,0,10,"Rain, Partially cloudy",rain,
"London,UK",2024-08-16T08:00:00,18.5,18.5,16.1,85.92,0,25.8,rain,0,0,21.6,9.4,304.5,1013,73.6,22.4,114,0.4,1,10,Partially cloudy,partly-cloudy-day,
"London,UK",2024-08-16T09:00:00,18.9,18.9,14.7,76.6,0,25.8,,0,0,21.6,7.2,322.2,1013,49.9,24.1,97,0.3,1,10,Partially cloudy,partly-cloudy-day,
"London,UK",2024-08-16T10:00:00,20.1,20.1,13.5,65.77,0,25.8,,0,0,18.4,6.5,324.8,1013,25.9,24.1,201,0.7,2,10,Partially cloudy,partly-cloudy-day,
"London,UK",2024-08-16T11:00:00,21.4,21.4,12.3,56.13,0,25.8,,0,0,17.3,5.4,320.7,1013,19.1,24.1,372,1.3,4,10,Clear,clear-day,
"London,UK",2024-08-16T12:00:00,22.6,22.6,12.1,51.48,0,25.8,rain,0,0,14.4,4,291.9,1013,33.8,24.1,465,1.7,5,10,Partially cloudy,partly-cloudy-day,
"London,UK",2024-08-16T13:00:00,23.5,23.5,11.8,47.8,0,25.8,rain,0,0,13.3,4.3,268.2,1013,40.5,24.1,557,2,6,10,Partially cloudy,partly-cloudy-day,
"London,UK",2024-08-16T14:00:00,24.1,24.1,11,43.74,0,9.7,,0,0,15.6,5.5,265.5,1012.7,31,24.1,704,2.5,7,10,Partially cloudy,partly-cloudy-day,
"London,UK",2024-08-16T15:00:00,24.7,24.7,10.2,40.01,0,9.7,,0,0,17.9,6.7,262.7,1012.3,21.6,24.1,680,2.4,7,10,Partially cloudy,partly-cloudy-day,
"London,UK",2024-08-16T16:00:00,25.4,25.4,9.5,36.6,0,9.7,,0,0,20.2,7.9,260,1012,12.1,24.1,635,2.3,6,10,Clear,clear-day,
"London,UK",2024-08-16T17:00:00,25,25,9.5,37.58,0,9.7,,0,0,19.9,7.7,269.4,1011.7,19.6,24.1,508,1.8,5,10,Clear,clear-day,
"London,UK",2024-08-16T18:00:00,24.6,24.6,9.6,38.58,0,9.7,,0,0,19.7,7.4,278.9,1011.3,27,24.1,379,1.4,4,10,Partially cloudy,partly-cloudy-day,
"London,UK",2024-08-16T19:00:00,24.3,24.3,9.7,39.62,0,9.7,,0,0,19.4,7.2,288.3,1011,34.5,24.1,219,0.8,2,10,Partially cloudy,partly-cloudy-day,
"London,UK",2024-08-16T20:00:00,23,23,10.6,45.41,0,9.7,,0,0,15.6,5.6,279.5,1011.3,38.3,24.1,70,0.3,1,10,Partially cloudy,partly-cloudy-day,
"London,UK",2024-08-16T21:00:00,21.7,21.7,11.5,52.06,0,9.7,,0,0,11.8,4.1,270.7,1011.7,42,24.1,0,0,0,10,Partially cloudy,partly-cloudy-night,
"London,UK",2024-08-16T22:00:00,20.5,20.5,12.4,59.71,0,9.7,,0,0,7.9,2.5,261.9,1012,45.8,24.1,0,0,0,10,Partially cloudy,partly-cloudy-night,
"London,UK",2024-08-16T23:00:00,19.4,19.4,12.1,62.68,0,9.7,,0,0,9.1,3.5,263,1012,30.5,24.1,0,0,0,10,Partially cloudy,partly-cloudy-night,
"London,UK",2024-08-17T00:00:00,18.3,18.3,11.8,65.84,0,9.7,,0,0,10.3,4.4,264.2,1012,15.3,24.1,0,0,0,10,Clear,clear-night,
"London,UK",2024-08-17T01:00:00,17.3,17.3,11.6,69.18,0,9.7,,0,0,11.5,5.4,265.3,1012,0,24.1,0,0,0,10,Clear,clear-night,
"London,UK",2024-08-17T02:00:00,16.3,16.3,11.2,71.64,0,3.2,,0,0,12.1,5.4,269.8,1012.3,0,24.1,0,0,0,10,Clear,clear-night,
"London,UK",2024-08-17T03:00:00,15.4,15.4,10.8,74.22,0,3.2,,0,0,12.7,5.4,274.4,1012.7,0,24.1,0,0,0,10,Clear,clear-night,
"London,UK",2024-08-17T04:00:00,14.5,14.5,10.5,76.91,0,3.2,,0,0,13.3,5.4,278.9,1013,0,24.1,0,0,0,10,Clear,clear-night,
"London,UK",2024-08-17T05:00:00,14,14,9.4,73.81,0,3.2,,0,0,12.4,5.2,276.2,1013,0,24.1,0,0,0,10,Clear,clear-night,
"London,UK",2024-08-17T06:00:00,13.6,13.6,8.4,70.81,0,3.2,,0,0,11.4,4.9,273.6,1013,0,24.1,0,0,0,10,Clear,clear-day,
"London,UK",2024-08-17T07:00:00,13.2,13.2,7.4,67.89,0,3.2,,0,0,10.4,4.7,270.9,1013,0,24.1,50,0.2,1,10,Clear,clear-day,
"London,UK",2024-08-17T08:00:00,14.8,14.8,7.7,62.6,0,0,,0,0,14,5.9,280,1013.3,0,24.1,194,0.7,2,10,Clear,clear-day,
"London,UK",2024-08-17T09:00:00,16.4,16.4,8,57.8,0,0,,0,0,17.6,7.1,289.1,1013.7,0,24.1,357,1.3,4,10,Clear,clear-day,
"London,UK",2024-08-17T10:00:00,18,18,8.4,53.43,0,0,,0,0,21.2,8.3,298.2,1014,0,24.1,512,1.8,5,10,Clear,clear-day,
"London,UK",2024-08-17T11:00:00,19.2,19.2,8.6,50.14,0,0,,0,0,23.8,9.4,294.2,1013.7,16.2,24.1,642,2.3,6,10,Clear,clear-day,
"London,UK",2024-08-17T12:00:00,20.4,20.4,8.8,47.08,0,0,,0,0,26.3,10.4,290.3,1013.3,32.5,24.1,736,2.6,7,10,Partially cloudy,partly-cloudy-day,
"London,UK",2024-08-17T13:00:00,21.7,21.7,9,44.24,0,0,,0,0,28.8,11.5,286.3,1013,48.7,24.1,787,2.8,8,10,Partially cloudy,partly-cloudy-day,
"London,UK",2024-08-17T14:00:00,22.1,22.1,8.7,42.32,0,3.2,,0,0,29.6,11.6,286.4,1013,57.4,24.1,791,2.8,8,10,Partially cloudy,partly-cloudy-day,
"London,UK",2024-08-17T15:00:00,22.6,22.6,8.5,40.49,0,3.2,,0,0,30.5,11.8,286.5,1013,66.2,24.1,746,2.7,7,10,Partially cloudy,partly-cloudy-day,
"London,UK",2024-08-17T16:00:00,23.1,23.1,8.3,38.75,0,3.2,,0,0,31.3,11.9,286.6,1013,74.9,24.1,658,2.4,7,10,Partially cloudy,partly-cloudy-day,
"London,UK",2024-08-17T17:00:00,22.7,22.7,8.4,39.81,0,3.2,,0,0,30.6,11.6,286.8,1012.7,68,24.1,531,1.9,5,10,Partially cloudy,partly-cloudy-day,
"London,UK",2024-08-17T18:00:00,22.4,22.4,8.4,40.9,0,3.2,,0,0,29.9,11.4,286.9,1012.3,61,24.1,380,1.4,4,10,Partially cloudy,partly-cloudy-day,
"London,UK",2024-08-17T19:00:00,22.1,22.1,8.6,42.02,0,3.2,,0,0,29.2,11.2,287.1,1012,54.1,24.1,216,0.8,2,10,Partially cloudy,partly-cloudy-day,
"London,UK",2024-08-17T20:00:00,20.9,20.9,9.3,47.22,0,6.5,,0,0,29.2,11.8,282.8,1012.7,69.4,24.1,61,0.2,1,10,Partially cloudy,partly-cloudy-day,
"London,UK",2024-08-17T21:00:00,19.8,19.8,10,53.07,0,6.5,,0,0,29.2,12.4,278.4,1013.3,84.7,24.1,0,0,0,10,Partially cloudy,partly-cloudy-night,
"London,UK",2024-08-17T22:00:00,18.7,18.7,10.7,59.68,0,6.5,,0,0,29.2,13,274.1,1014,100,24.1,0,0,0,10,Overcast,cloudy,
"London,UK",2024-08-17T23:00:00,17.7,17.7,10.7,63.55,0,6.5,,0,0,25.2,10.8,269.3,1014.3,77.3,24.1,0,0,0,10,Partially cloudy,partly-cloudy-night,
"London,UK",2024-08-18T00:00:00,16.7,16.7,10.7,67.7,0,6.5,,0,0,21.2,8.6,264.4,1014.7,54.7,24.1,0,0,0,10,Partially cloudy,partly-cloudy-night,
"London,UK",2024-08-18T01:00:00,15.7,15.7,10.7,72.15,0,6.5,,0,0,17.3,6.5,259.6,1015,32,24.1,0,0,0,10,Partially cloudy,partly-cloudy-night,
"London,UK",2024-08-18T02:00:00,15.1,15.1,10.6,74.34,0,3.2,,0,0,16.7,6.5,258.4,1015.3,39.3,24.1,0,0,0,10,Partially cloudy,partly-cloudy-night,
"London,UK",2024-08-18T03:00:00,14.6,14.6,10.5,76.59,0,3.2,,0,0,16.1,6.5,257.3,1015.7,46.5,24.1,0,0,0,10,Partially cloudy,partly-cloudy-night,
"London,UK",2024-08-18T04:00:00,14.1,14.1,10.5,78.93,0,3.2,,0,0,15.5,6.5,256.1,1016,53.8,24.1,0,0,0,10,Partially cloudy,partly-cloudy-night,
"London,UK",2024-08-18T05:00:00,15.2,15.2,8.7,65.15,0,3.2,,0,0,14,7.9,263.9,1015,0.6,24.1,0,0,0,10,Clear,clear-night,
"London,UK",2024-08-18T06:00:00,14.7,14.7,8.8,67.74,0,3.2,,0,0,14.8,8.6,253.1,1015,5,24.1,0,0,0,10,Clear,clear-day,
"London,UK",2024-08-18T07:00:00,14.6,14.6,9.2,70.04,0,3.2,,0,0,17.6,10.1,258.9,1015,51.9,24.1,44,0.2,0,10,Partially cloudy,partly-cloudy-day,
"London,UK",2024-08-18T08:00:00,15.6,15.6,9.3,65.98,0,0,,0,0,17.5,10.7,255.4,1015,67.9,24.1,124,0.5,1,10,Partially cloudy,partly-cloudy-day,
"London,UK",2024-08-18T09:00:00,16.6,16.6,9.4,62.19,0,0,,0,0,17.4,11.3,251.9,1015,84,24.1,204,0.7,2,10,Partially cloudy,partly-cloudy-day,
"London,UK",2024-08-18T10:00:00,17.7,17.7,9.5,58.65,0,0,,0,0,17.3,11.9,248.4,1015,100,24.1,284,1,3,10,Overcast,cloudy,
"London,UK",2024-08-18T11:00:00,18.6,18.6,9.1,53.95,0,0,,0,0,18.6,12.8,250.5,1014.7,100,24.1,327.7,1.2,3,10,Overcast,cloudy,
"London,UK",2024-08-18T12:00:00,19.5,19.5,8.7,49.65,0,0,,0,0,19.9,13.8,252.5,1014.3,100,24.1,371.3,1.3,4,10,Overcast,cloudy,
"London,UK",2024-08-18T13:00:00,20.4,20.4,8.3,45.7,0,0,,0,0,21.2,14.8,254.6,1014,100,24.1,415,1.5,4,10,Overcast,cloudy,
"London,UK",2024-08-18T14:00:00,21.4,21.4,8.2,42.69,0,0,,0,0,21,14.8,260.3,1013.7,68.3,24.1,487.3,1.8,5,10,Partially cloudy,partly-cloudy-day,
"London,UK",2024-08-18T15:00:00,22.4,22.4,8.1,39.9,0,0,,0,0,20.8,14.8,266,1013.3,36.7,24.1,559.7,2,6,10,Partially cloudy,partly-cloudy-day,
"London,UK",2024-08-18T16:00:00,23.5,23.5,8.1,37.31,0,0,,0,0,20.5,14.8,271.7,1013,5,24.1,632,2.3,6,10,Clear,clear-day,
"London,UK",2024-08-18T17:00:00,23,23,8.4,39.17,0,0,,0,0,20.4,15.1,275.6,1013.3,5,24.1,542,2,5,10,Clear,clear-day,
"London,UK",2024-08-18T18:00:00,22.5,22.5,8.7,41.12,0,0,,0,0,20.3,15.5,279.5,1013.7,5,24.1,452,1.6,5,10,Clear,clear-day,
"London,UK",2024-08-18T19:00:00,22.1,22.1,9,43.17,0,0,,0,0,20.2,15.8,283.4,1014,5,24.1,362,1.3,4,10,Clear,clear-day,
"London,UK",2024-08-18T20:00:00,20.9,20.9,8.5,44.84,0,6.5,,0,0,21.6,14.2,274.8,1014.3,19.1,24.1,241.3,0.9,2,10,Clear,clear-day,
"London,UK",2024-08-18T21:00:00,19.9,19.9,8.1,46.6,0,6.5,,0,0,23,12.5,266.3,1014.7,33.2,24.1,120.7,0.4,0,10,Partially cloudy,partly-cloudy-night,
"London,UK",2024-08-18T22:00:00,18.8,18.8,7.7,48.46,0,6.5,,0,0,24.5,10.8,257.7,1015,47.3,24.1,0,0,0,10,Partially cloudy,partly-cloudy-night,
"London,UK",2024-08-18T23:00:00,17.9,17.9,8.3,53.19,0,6.5,,0,0,22.3,10,255.7,1015.3,64.9,24.1,0,0,0,10,Partially cloudy,partly-cloudy-night,
"London,UK",2024-08-19T00:00:00,17.2,17.2,8.9,58.39,0,6.5,,0,0,20.2,9.1,253.7,1015.7,82.4,24.1,0,0,0,10,Partially cloudy,partly-cloudy-night,
"London,UK",2024-08-19T01:00:00,16.4,16.4,9.6,64.11,0,6.5,,0,0,18,8.3,251.7,1016,100,24.1,0,0,0,10,Overcast,cloudy,
"London,UK",2024-08-19T02:00:00,15.9,15.9,9.9,67.69,0,6.5,,0,0,17.4,8,249.7,1016,68.3,24.1,0,0,0,10,Partially cloudy,partly-cloudy-night,
"London,UK",2024-08-19T03:00:00,15.4,15.4,10.3,71.47,0,6.5,,0,0,16.8,7.8,247.6,1016,36.7,24.1,0,0,0,10,Partially cloudy,partly-cloudy-night,
"London,UK",2024-08-19T04:00:00,15,15,10.7,75.47,0,6.5,,0,0,16.2,7.6,245.6,1016,5,24.1,0,0,0,10,Clear,clear-night,
"London,UK",2024-08-19T05:00:00,14.8,14.8,10.6,75.95,0,6.5,,0,0,16.1,7.7,238.2,1016,5,24.1,4.7,0,0,10,Clear,clear-night,
"London,UK",2024-08-19T06:00:00,14.6,14.6,10.5,76.43,0,6.5,,0,0,16,7.8,230.8,1016,5,24.1,9.3,0.1,0,10,Clear,clear-day,
"London,UK",2024-08-19T07:00:00,14.5,14.5,10.5,76.91,0,6.5,,0,0,15.8,7.9,223.4,1016,5,24.1,14,0.1,0,10,Clear,clear-day,
"London,UK",2024-08-19T08:00:00,16.2,16.2,10.3,68.35,0,3.2,,0,0,17.6,10,219.5,1016,3.3,24.1,123,0.5,1,10,Clear,clear-day,
"London,UK",2024-08-19T09:00:00,17.9,17.9,10.2,60.83,0,3.2,,0,0,19.4,12,215.7,1016,1.7,24.1,232,0.8,2,10,Clear,clear-day,
"London,UK",2024-08-19T10:00:00,19.6,19.6,10.1,54.21,0,3.2,,0,0,21.2,14,211.8,1016,0,24.1,341,1.2,3,10,Clear,clear-day,
"London,UK",2024-08-19T11:00:00,20.4,20.4,10,51.36,0,3.2,,0,0,22.9,16,212.1,1015.3,22.2,24.1,415,1.5,4,10,Partially cloudy,partly-cloudy-day,
"London,UK",2024-08-19T12:00:00,21.2,21.2,9.9,48.67,0,3.2,,0,0,24.6,17.9,212.5,1014.7,44.4,24.1,489,1.7,5,10,Partially cloudy,partly-cloudy-day,
"London,UK",2024-08-19T13:00:00,22,22,9.9,46.14,0,3.2,,0,0,26.3,19.8,212.8,1014,66.6,24.1,563,2,6,10,Partially cloudy,partly-cloudy-day,
"London,UK",2024-08-19T14:00:00,21.1,21.1,10.7,51.66,0,6.5,,0,0,28.3,19.4,213,1014,74.9,24.1,437,1.6,4,10,Partially cloudy,partly-cloudy-day,
"London,UK",2024-08-19T15:00:00,20.2,20.2,11.6,57.83,0,6.5,,0,0,30.4,19.1,213.3,1014,83.3,24.1,311,1.1,3,10,Partially cloudy,partly-cloudy-day,
"London,UK",2024-08-19T16:00:00,19.3,19.3,12.5,64.75,0.1,6.5,rain,0,0,32.4,18.7,213.5,1014,91.6,24.1,185,0.7,2,10,Overcast,cloudy,
"London,UK",2024-08-19T17:00:00,18.9,18.9,13.3,69.67,0,6.5,,0,0,33.7,17.9,208.5,1013.7,94.4,24.1,139.7,0.5,1,10,Overcast,cloudy,
"London,UK",2024-08-19T18:00:00,18.7,18.7,14.1,74.93,0,6.5,,0,0,35,17,203.6,1013.3,97.2,24.1,94.3,0.4,1,10,Overcast,cloudy,
"London,UK",2024-08-19T19:00:00,18.4,18.4,15,80.58,0,6.5,,0,0,36.4,16.2,198.6,1013,100,24.1,49,0.2,0,10,Overcast,cloudy,
"London,UK",2024-08-19T20:00:00,18.5,18.5,15.4,82.16,0,19.4,,0,0,35,15.6,202.5,1013.3,100,24.1,32.7,0.1,0,10,Overcast,cloudy,
"London,UK",2024-08-19T21:00:00,18.6,18.6,15.8,83.77,0,19.4,,0,0,33.7,15,206.4,1013.7,100,24.1,16.3,0.1,0,10,Overcast,cloudy,
"London,UK",2024-08-19T22:00:00,18.8,18.8,16.3,85.41,0,19.4,,0,0,32.4,14.4,210.3,1014,100,24.1,0,0,0,10,Overcast,cloudy,
"London,UK",2024-08-19T23:00:00,18.6,18.6,16.2,85.57,0,19.4,,0,0,30.2,13.3,213.9,1014,90.7,24.1,0,0,0,10,Overcast,cloudy,
"London,UK",2024-08-20T00:00:00,18.5,18.5,16.1,85.74,0,19.4,,0,0,28.1,12.2,217.6,1014,81.3,24.1,0,0,0,10,Partially cloudy,partly-cloudy-night,
"London,UK",2024-08-20T01:00:00,18.4,18.4,16,85.91,0,19.4,,0,0,25.9,11.2,221.2,1014,72,24.1,0,0,0,10,Partially cloudy,partly-cloudy-night,
"London,UK",2024-08-20T02:00:00,17.9,17.9,15.9,87.72,0,16.1,,0,0,23.9,10.3,227,1013.7,63.2,24.1,0,0,0,10,Partially cloudy,partly-cloudy-night,
"London,UK",2024-08-20T03:00:00,17.5,17.5,15.8,89.57,0,16.1,,0,0,21.8,9.5,232.8,1013.3,54.4,24.1,0,0,0,10,Partially cloudy,partly-cloudy-night,
"London,UK",2024-08-20T04:00:00,17.1,17.1,15.7,91.47,0,16.1,,0,0,19.8,8.6,238.6,1013,45.6,24.1,0,0,0,10,Partially cloudy,partly-cloudy-night,
"London,UK",2024-08-20T05:00:00,16.8,16.8,15.2,90.1,0,16.1,,0,0,18.2,8.5,237.8,1013,31.6,24.1,4,0,0,10,Partially cloudy,partly-cloudy-night,
"London,UK",2024-08-20T06:00:00,16.6,16.6,14.7,88.74,0,16.1,,0,0,16.7,8.4,236.9,1013,17.7,24.1,8,0,0,10,Clear,clear-day,
"London,UK",2024-08-20T07:00:00,16.4,16.4,14.3,87.39,0.1,16.1,rain,0,0,15.1,8.3,236.1,1013,3.7,24.1,12,0,0,10,Clear,clear-day,
"London,UK",2024-08-20T08:00:00,17.7,17.7,13,74.12,0,3.2,,0,0,15.7,9.4,236.7,1013.3,32.3,24.1,115.7,0.5,1,10,Partially cloudy,partly-cloudy-day,
"London,UK",2024-08-20T09:00:00,18.9,18.9,11.7,62.86,0,3.2,,0,0,16.3,10.4,237.3,1013.7,60.8,24.1,219.3,0.9,2,10,Partially cloudy,partly-cloudy-day,
"London,UK",2024-08-20T10:00:00,20.3,20.3,10.5,53.31,0,3.2,,0,0,16.9,11.5,237.9,1014,89.4,24.1,323,1.2,3,10,Partially cloudy,partly-cloudy-day,
"London,UK",2024-08-20T11:00:00,21.5,21.5,10.7,50.08,0,3.2,,0,0,18,12.1,236.6,1013.3,92.9,24.1,433.7,1.7,4,10,Overcast,cloudy,
"London,UK",2024-08-20T12:00:00,22.7,22.7,10.9,47.08,0,3.2,,0,0,19.1,12.7,235.4,1012.7,96.5,24.1,544.3,2,5,10,Overcast,cloudy,
"London,UK",2024-08-20T13:00:00,24,24,11.1,44.28,0,3.2,,0,0,20.2,13.3,234.1,1012,100,24.1,655,2.4,7,10,Overcast,cloudy,
"London,UK",2024-08-20T14:00:00,24.2,24.2,11.9,46.14,0,6.5,,0,0,22.9,15.1,229.2,1011.7,99.9,24.1,623.7,2.3,6,10,Overcast,cloudy,
"London,UK",2024-08-20T15:00:00,24.4,24.4,12.7,48.06,0,6.5,,0,0,25.7,16.9,224.3,1011.3,99.8,24.1,592.3,2.1,6,10,Overcast,cloudy,
"London,UK",2024-08-20T16:00:00,24.7,24.7,13.6,50.05,0,6.5,,0,0,28.4,18.7,219.4,1011,99.7,24.1,561,2,6,10,Overcast,cloudy,
"London,UK",2024-08-20T17:00:00,23.7,23.7,13.9,54.08,0,6.5,,0,0,26.8,16.7,220.8,1011,99.8,24.1,417.3,1.5,4,10,Overcast,cloudy,
"London,UK",2024-08-20T18:00:00,22.7,22.7,14.2,58.46,0,6.5,,0,0,25.1,14.6,222.1,1011,99.9,24.1,273.7,1,3,10,Overcast,cloudy,
"London,UK",2024-08-20T19:00:00,21.8,21.8,14.5,63.21,0,6.5,,0,0,23.4,12.6,223.5,1011,100,24.1,130,0.5,1,10,Overcast,cloudy,
"London,UK",2024-08-20T20:00:00,20.7,20.7,14.7,68.8,0,3.2,,0,0,22,12.2,249.8,1011,100,18.6,86.7,0.3,1,10,Overcast,cloudy,
"London,UK",2024-08-20T21:00:00,19.6,19.6,15,74.92,0,3.2,,0,0,20.5,11.9,276.2,1011,100,13,43.3,0.2,0,10,Overcast,cloudy,
"London,UK",2024-08-20T22:00:00,18.5,18.5,15.3,81.63,0.9,3.2,rain,0,0,19.1,11.5,302.5,1011,100,7.5,0,0,0,10,Overcast,cloudy,
"London,UK",2024-08-20T23:00:00,17.7,17.7,15,84.39,0,3.2,,0,0,22,12.4,315.9,1011.3,100,13,0,0,0,10,Overcast,cloudy,
"London,UK",2024-08-21T00:00:00,16.9,16.9,14.8,87.25,0,3.2,,0,0,24.8,13.2,329.3,1011.7,100,18.6,0,0,0,10,Overcast,cloudy,
"London,UK",2024-08-21T01:00:00,16.2,16.2,14.6,90.24,11.7,3.2,rain,0,0,27.7,14,342.7,1012,100,24.1,0,0,0,10,Overcast,cloudy,
"London,UK",2024-08-21T02:00:00,15.8,15.8,14.1,89.83,0,3.2,,0,0,29.5,14.9,340.6,1012.3,98.1,24.1,0,0,0,10,Overcast,cloudy,
"London,UK",2024-08-21T03:00:00,15.4,15.4,13.6,89.41,0,3.2,,0,0,31.3,15.7,338.5,1012.7,96.3,24.1,0,0,0,10,Overcast,cloudy,
"London,UK",2024-08-21T04:00:00,15,15,13.2,88.99,0.2,3.2,rain,0,0,33.1,16.6,336.4,1013,94.4,24.1,0,0,0,10,Overcast,cloudy,
"London,UK",2024-08-21T05:00:00,14.7,14.7,12.6,87.05,0,3.2,,0,0,34.4,16.3,335.9,1014,89,24.1,0.7,0,0,10,Partially cloudy,partly-cloudy-night,
"London,UK",2024-08-21T06:00:00,14.4,14.4,12,85.13,0,3.2,,0,0,35.8,16.1,335.4,1015,83.7,24.1,1.3,0,0,10,Partially cloudy,partly-cloudy-day,
"London,UK",2024-08-21T07:00:00,14.2,14.2,11.4,83.25,0,3.2,,0,0,37.1,15.8,334.9,1016,78.3,24.1,2,0,0,10,Partially cloudy,partly-cloudy-day,
"London,UK",2024-08-21T08:00:00,15.1,15.1,10.6,74.49,0,3.2,,0,0,32.8,16.2,337.9,1016.7,52.2,24.1,101,0.4,1,10,Partially cloudy,partly-cloudy-day,
"London,UK",2024-08-21T09:00:00,16,16,9.8,66.65,0,3.2,,0,0,28.4,16.6,340.9,1017.3,26.1,24.1,200,0.7,2,10,Partially cloudy,partly-cloudy-day,
"London,UK",2024-08-21T10:00:00,16.9,16.9,9,59.65,0,3.2,,0,0,24.1,16.9,343.9,1018,0,24.1,299,1.1,3,10,Clear,clear-day,
"London,UK",2024-08-21T11:00:00,17.9,17.9,8.1,52.69,0,3.2,,0,0,22.1,16.1,335.3,1018.7,0,24.1,435,1.6,4,10,Clear,clear-day,
"London,UK",2024-08-21T12:00:00,18.9,18.9,7.2,46.54,0,3.2,,0,0,20,15.2,326.7,1019.3,0,24.1,571,2,6,10,Clear,clear-day,
"London,UK",2024-08-21T13:00:00,19.9,19.9,6.3,41.11,0,3.2,,0,0,18,14.4,318.1,1020,0,24.1,707,2.5,7,10,Clear,clear-day,
"London,UK",2024-08-21T14:00:00,20.3,20.3,5.6,38.39,0,3.2,,0,0,17.5,14,318,1020.3,0,24.1,711.3,2.5,7,10,Clear,clear-day,
"London,UK",2024-08-21T15:00:00,20.7,20.7,5,35.84,0,3.2,,0,0,17,13.7,318,1020.7,0,24.1,715.7,2.6,7,10,Clear,clear-day,
"London,UK",2024-08-21T16:00:00,21.1,21.1,4.4,33.46,0,3.2,,0,0,16.6,13.3,317.9,1021,0,24.1,720,2.6,7,10,Clear,clear-day,
"London,UK",2024-08-21T17:00:00,20.7,20.7,4.8,35.12,0,3.2,,0,0,15.1,12.4,314.2,1021.3,1.7,24.1,599.3,2.2,6,10,Clear,clear-day,
"London,UK",2024-08-21T18:00:00,20.4,20.4,5.2,36.86,0,3.2,,0,0,13.7,11.4,310.5,1021.7,3.3,24.1,478.7,1.7,5,10,Clear,clear-day,
"London,UK",2024-08-21T19:00:00,20.1,20.1,5.6,38.69,0,3.2,,0,0,12.2,10.4,306.8,1022,5,24.1,358,1.3,4,10,Clear,clear-day,
"London,UK",2024-08-21T20:00:00,19.2,19.2,5.9,41.79,0,12.9,,0,0,9.7,8.3,299.1,1022.3,5,24.1,238.7,0.9,2,10,Clear,clear-day,
"London,UK",2024-08-21T21:00:00,18.4,18.4,6.3,45.15,0,12.9,,0,0,7.2,6.1,291.5,1022.7,5,24.1,119.3,0.4,0,10,Clear,clear-night,
"London,UK",2024-08-21T22:00:00,17.6,17.6,6.7,48.79,0,12.9,,0,0,4.7,4,283.8,1023,5,24.1,0,0,0,10,Clear,clear-night,
"London,UK",2024-08-21T23:00:00,16.9,16.9,6.6,50.77,0,12.9,,0,0,6.5,4.2,278.4,1023.3,13.2,24.1,0,0,0,10,Clear,clear-night,
"London,UK",2024-08-22T00:00:00,16.2,16.2,6.5,52.84,0,12.9,,0,0,8.3,4.4,273.1,1023.7,21.4,24.1,0,0,0,10,Partially cloudy,partly-cloudy-night,
"London,UK",2024-08-22T01:00:00,15.5,15.5,6.5,55,0,12.9,,0,0,10.1,4.7,267.7,1024,29.6,24.1,0,0,0,10,Partially cloudy,partly-cloudy-night,
"London,UK",2024-08-22T02:00:00,15.1,15.1,6.7,56.97,0,9.7,,0,0,7.9,4.3,253.8,1023.7,38.7,24.1,0,0,0,10,Partially cloudy,partly-cloudy-night,
"London,UK",2024-08-22T03:00:00,14.8,14.8,6.9,59.01,0,9.7,,0,0,5.8,4,239.9,1023.3,47.8,24.1,0,0,0,10,Partially cloudy,partly-cloudy-night,
"London,UK",2024-08-22T04:00:00,14.5,14.5,7.1,61.13,0,9.7,,0,0,3.6,3.6,226,1023,56.9,24.1,0,0,0,10,Partially cloudy,partly-cloudy-night,
"London,UK",2024-08-22T05:00:00,14.4,14.4,7.3,62.65,0,9.7,,0,0,5.5,3.8,215.1,1023,71.3,24.1,3.7,0,0,10,Partially cloudy,partly-cloudy-night,
"London,UK",2024-08-22T06:00:00,14.3,14.3,7.6,64.22,0,9.7,,0,0,7.4,4.1,204.1,1023,85.6,24.1,7.3,0,0,10,Partially cloudy,partly-cloudy-day,
"London,UK",2024-08-22T07:00:00,14.2,14.2,7.9,65.82,0,9.7,,0,0,9.4,4.3,193.2,1023,100,24.1,11,0,0,10,Overcast,cloudy,
"London,UK",2024-08-22T08:00:00,15.7,15.7,7.5,57.91,0,12.9,,0,0,10.8,5.4,194.1,1023,94.4,24.1,111.3,0.4,1,10,Overcast,cloudy,
"London,UK",2024-08-22T09:00:00,17.3,17.3,7.1,51,0,12.9,,0,0,12.2,6.5,195.1,1023,88.9,24.1,211.7,0.7,2,10,Partially cloudy,partly-cloudy-day,
"London,UK",2024-08-22T10:00:00,18.9,18.9,6.7,44.97,0,12.9,,0,0,13.7,7.6,196,1023,83.3,24.1,312,1.1,3,10,Partially cloudy,partly-cloudy-day,
"London,UK",2024-08-22T11:00:00,20.1,20.1,6.2,40.32,0,12.9,,0,0,14.6,9,202.4,1022.3,88.9,24.1,426.7,1.5,4,10,Partially cloudy,partly-cloudy-day,
"London,UK",2024-08-22T12:00:00,21.3,21.3,5.7,36.18,0,12.9,,0,0,15.6,10.4,208.8,1021.7,94.4,24.1,541.3,2,5,10,Overcast,cloudy,
"London,UK",2024-08-22T13:00:00,22.5,22.5,5.2,32.48,0,12.9,,0,0,16.6,11.9,215.2,1021,100,24.1,656,2.4,7,10,Overcast,cloudy,
"London,UK",2024-08-22T14:00:00,22.7,22.7,5,31.58,0,9.7,,0,0,17,13,210.1,1020.3,100,24.1,657,2.4,7,10,Overcast,cloudy,
"London,UK",2024-08-22T15:00:00,22.9,22.9,4.8,30.7,0,9.7,,0,0,17.5,14,205,1019.7,100,24.1,658,2.4,7,10,Overcast,cloudy,
"London,UK",2024-08-22T16:00:00,23.2,23.2,4.6,29.85,0,9.7,,0,0,18,15.1,199.9,1019,100,24.1,659,2.4,7,10,Overcast,cloudy,
"London,UK",2024-08-22T17:00:00,22.4,22.4,4.7,31.63,0,9.7,,0,0,18.4,14.3,196.5,1018.7,100,24.1,535,1.9,5,10,Overcast,cloudy,
"London,UK",2024-08-22T18:00:00,21.6,21.6,4.8,33.52,0,9.7,,0,0,18.7,13.4,193,1018.3,100,24.1,411,1.5,4,10,Overcast,cloudy,
"London,UK",2024-08-22T19:00:00,20.8,20.8,5,35.54,0,9.7,,0,0,19.1,12.6,189.6,1018,100,24.1,287,1,3,10,Overcast,cloudy,
"London,UK",2024-08-22T20:00:00,20,20,5.6,38.77,0,16.1,,0,0,21.6,11.4,180.9,1017.7,100,24.1,191.3,0.7,2,10,Overcast,cloudy,
"London,UK",2024-08-22T21:00:00,19.3,19.3,6.2,42.29,0,16.1,,0,0,24.1,10.2,172.1,1017.3,100,24.1,95.7,0.3,0,10,Overcast,cloudy,
"London,UK",2024-08-22T22:00:00,18.6,18.6,6.8,46.14,0,16.1,,0,0,26.6,9,163.4,1017,100,24.1,0,0,0,10,Overcast,cloudy,
"London,UK",2024-08-22T23:00:00,18.2,18.2,7.2,48.42,0,16.1,,0,0,30.4,9.7,159.2,1016.3,100,24.1,0,0,0,10,Overcast,cloudy,
"London,UK",2024-08-23T00:00:00,17.9,17.9,7.6,50.82,0,16.1,,0,0,34.1,10.4,155.1,1015.7,100,24.1,0,0,0,10,Overcast,cloudy,
"London,UK",2024-08-23T01:00:00,17.6,17.6,8,53.33,0,16.1,,0,0,37.8,11.2,150.9,1015,100,24.1,0,0,0,10,Overcast,cloudy,
"London,UK",2024-08-23T02:00:00,17.7,17.7,8.3,54.33,0,0,,0,0,38.2,11.6,155.5,1014.3,100,24.1,0,0,0,10,Overcast,cloudy,
"London,UK",2024-08-23T03:00:00,17.8,17.8,8.7,55.34,0,0,,0,0,38.5,12.1,160,1013.7,100,24.1,0,0,0,10,Overcast,cloudy,
"London,UK",2024-08-23T04:00:00,17.9,17.9,9.1,56.37,0,0,,0,0,38.9,12.6,164.6,1013,100,24.1,0,0,0,10,Overcast,cloudy,
"London,UK",2024-08-23T05:00:00,17.6,17.6,9.6,59.3,0,0,,0,0,38.4,12.7,168.8,1012.7,68.3,24.1,3,0,0,10,Partially cloudy,partly-cloudy-night,
"London,UK",2024-08-23T06:00:00,17.4,17.4,10.1,62.37,0,0,,0,0,37.9,12.8,173.1,1012.3,36.7,24.1,6,0,0,10,Partially cloudy,partly-cloudy-day,
"London,UK",2024-08-23T07:00:00,17.2,17.2,10.7,65.59,0,0,,0,0,37.4,13,177.3,1012,5,24.1,9,0,0,10,Clear,clear-day,
"London,UK",2024-08-23T08:00:00,18.5,18.5,10.4,59.25,0,6.5,,0,0,34,13.9,188.8,1011.7,8,24.1,111,0.4,1,10,Clear,clear-day,
"London,UK",2024-08-23T09:00:00,19.9,19.9,10.2,53.57,0,6.5,,0,0,30.5,14.9,200.4,1011.3,11,24.1,213,0.7,2,10,Clear,clear-day,
"London,UK",2024-08-23T10:00:00,21.3,21.3,10,48.48,0,6.5,,0,0,27,15.8,211.9,1011,14,24.1,315,1.1,3,10,Clear,clear-day,
"London,UK",2024-08-23T11:00:00,22.4,22.4,9,42.3,0,6.5,,0,0,28,17.4,213.2,1010.3,11,24.1,440.3,1.6,4,10,Clear,clear-day,
"London,UK",2024-08-23T12:00:00,23.5,23.5,8,36.91,0,6.5,,0,0,28.9,19,214.5,1009.7,8,24.1,565.7,2,6,10,Clear,clear-day,
"London,UK",2024-08-23T13:00:00,24.7,24.7,7,32.21,0,6.5,,0,0,29.9,20.5,215.8,1009,5,24.1,691,2.5,7,10,Clear,clear-day,
"London,UK",2024-08-23T14:00:00,24.4,24.4,8.9,37.32,0,3.2,,0,0,31.4,21.6,216.1,1009,10.1,24.1,675.3,2.4,7,10,Clear,clear-day,
"London,UK",2024-08-23T15:00:00,24.1,24.1,10.8,43.17,0,3.2,,0,0,33,22.7,216.3,1009,15.2,24.1,659.7,2.4,7,10,Clear,clear-day,
"London,UK",2024-08-23T16:00:00,23.9,23.9,12.8,49.83,0,3.2,,0,0,34.6,23.8,216.6,1009,20.3,24.1,644,2.3,6,10,Partially cloudy,partly-cloudy-day,
"London,UK",2024-08-23T17:00:00,23.1,23.1,13,52.89,0,3.2,,0,0,36.1,22.2,214.7,1008.7,34.5,24.1,539.3,1.9,5,10,Partially cloudy,partly-cloudy-day,
"London,UK",2024-08-23T18:00:00,22.4,22.4,13.2,56.14,0,3.2,,0,0,37.7,20.6,212.9,1008.3,48.8,24.1,434.7,1.6,4,10,Partially cloudy,partly-cloudy-day,
"London,UK",2024-08-23T19:00:00,21.7,21.7,13.5,59.61,0,3.2,,0,0,39.2,19.1,211,1008,63,24.1,330,1.2,3,10,Partially cloudy,partly-cloudy-day,
"London,UK",2024-08-23T20:00:00,20.5,20.5,13.8,65.16,0,6.5,,0,0,39.5,18.1,212.5,1008.3,75.3,24.1,220,0.8,2,10,Partially cloudy,partly-cloudy-day,
"London,UK",2024-08-23T21:00:00,19.4,19.4,14.1,71.28,0,6.5,,0,0,39.7,17.2,214,1008.7,87.7,24.1,110,0.4,0,10,Partially cloudy,partly-cloudy-night,
"London,UK",2024-08-23T22:00:00,18.3,18.3,14.4,78,0,6.5,,0,0,40,16.2,215.5,1009,100,24.1,0,0,0,10,Overcast,cloudy,
"London,UK",2024-08-23T23:00:00,17.9,17.9,14.2,78.97,0,6.5,,0,0,40.8,15.7,211.6,1008.7,91.5,24.1,0,0,0,10,Overcast,cloudy,
"London,UK",2024-08-24T00:00:00,17.6,17.6,14.1,79.95,0,6.5,,0,0,41.6,15.2,207.7,1008.3,83,24.1,0,0,0,10,Partially cloudy,partly-cloudy-night,
"London,UK",2024-08-24T01:00:00,17.3,17.3,14,80.95,0,6.5,,0,0,42.5,14.8,203.8,1008,74.5,24.1,0,0,0,10,Partially cloudy,partly-cloudy-night,
"London,UK",2024-08-24T02:00:00,17,17,13.9,81.98,0,3.2,,0,0,41.6,14.6,203.9,1007.7,83,24.1,0,0,0,10,Partially cloudy,partly-cloudy-night,
"London,UK",2024-08-24T03:00:00,16.8,16.8,13.9,83.02,0,3.2,,0,0,40.8,14.5,204,1007.3,91.5,24.1,0,0,0,10,Overcast,cloudy,
"London,UK",2024-08-24T04:00:00,16.6,16.6,13.9,84.08,0,3.2,,0,0,40,14.4,204.1,1007,100,24.1,0,0,0,10,Overcast,cloudy,
"London,UK",2024-08-24T05:00:00,16.7,16.7,14.1,84.46,0,3.2,,0,0,40.4,14.9,202.2,1007.3,100,23.7,1.3,0,0,10,Overcast,cloudy,
"London,UK",2024-08-24T06:00:00,16.9,16.9,14.3,84.84,0,3.2,,0,0,40.9,15.4,200.2,1007.7,100,23.4,2.7,0,0,10,Overcast,cloudy,
"London,UK",2024-08-24T07:00:00,17.1,17.1,14.6,85.23,0.2,3.2,rain,0,0,41.4,15.8,198.3,1008,100,23,4,0,0,10,Overcast,cloudy,
"London,UK",2024-08-24T08:00:00,16.9,16.9,14.9,87.63,0,3.2,,0,0,35.8,14.5,214,1008,100,22.9,8,0,0,10,Overcast,cloudy,
"London,UK",2024-08-24T09:00:00,16.9,16.9,15.2,90.1,0,3.2,,0,0,30.1,13.2,229.7,1008,100,22.8,12,0.1,0,10,Overcast,cloudy,
"London,UK",2024-08-24T10:00:00,16.8,16.8,15.6,92.63,1.4,3.2,rain,0,0,24.5,11.9,245.4,1008,100,22.7,16,0.1,0,10,Overcast,cloudy,
"London,UK",2024-08-24T11:00:00,17.4,17.4,14.2,81.33,0,3.2,,0,0,25.1,12,243.5,1008.3,100,23.2,76.7,0.3,1,10,Overcast,cloudy,
"London,UK",2024-08-24T12:00:00,18.2,18.2,12.9,71.36,0,3.2,,0,0,25.7,12.1,241.6,1008.7,100,23.6,137.3,0.5,1,10,Overcast,cloudy,
"London,UK",2024-08-24T13:00:00,18.9,18.9,11.6,62.56,0.1,3.2,rain,0,0,26.3,12.2,239.7,1009,100,24.1,198,0.7,2,10,Overcast,cloudy,
"London,UK",2024-08-24T14:00:00,20.1,20.1,10.2,52.92,0,6.5,,0,0,24.8,13.1,235,1008.7,100,24.1,303.7,1.1,3,10,Overcast,cloudy,
"London,UK",2024-08-24T15:00:00,21.3,21.3,8.8,44.74,0,6.5,,0,0,23.4,13.9,230.4,1008.3,100,24.1,409.3,1.5,4,10,Overcast,cloudy,
"London,UK",2024-08-24T16:00:00,22.6,22.6,7.5,37.82,0,6.5,,0,0,22,14.8,225.7,1008,100,24.1,515,1.9,5,10,Overcast,cloudy,
"London,UK",2024-08-24T17:00:00,21.7,21.7,7.8,40.79,0,6.5,,0,0,20.8,14,221.8,1008,100,24.1,404,1.5,4,10,Overcast,cloudy,
"London,UK",2024-08-24T18:00:00,20.8,20.8,8.1,44,0,6.5,,0,0,19.6,13.3,217.9,1008,100,24.1,293,1.1,3,10,Overcast,cloudy,
"London,UK",2024-08-24T19:00:00,20,20,8.5,47.48,0,6.5,,0,0,18.4,12.6,214,1008,100,24.1,182,0.7,2,10,Overcast,cloudy,
"London,UK",2024-08-24T20:00:00,19.1,19.1,8.8,51.47,0,9.7,,0,0,19.7,12.6,217.5,1008.3,100,24.1,121.3,0.5,1,10,Overcast,cloudy,
"London,UK",2024-08-24T21:00:00,18.2,18.2,9.2,55.82,0,9.7,,0,0,21,12.6,221,1008.7,100,24.1,60.7,0.2,0,10,Overcast,cloudy,
"London,UK",2024-08-24T22:00:00,17.3,17.3,9.6,60.55,0,9.7,,0,0,22.3,12.6,224.5,1009,100,24.1,0,0,0,10,Overcast,cloudy,
"London,UK",2024-08-24T23:00:00,16.9,16.9,9.9,63.66,0,9.7,,0,0,21.4,12,213,1008.7,100,24.1,0,0,0,10,Overcast,cloudy,
"London,UK",2024-08-25T00:00:00,16.5,16.5,10.4,66.92,0,9.7,,0,0,20.4,11.4,201.4,1008.3,100,24.1,0,0,0,10,Overcast,cloudy,
"London,UK",2024-08-25T01:00:00,16.2,16.2,10.8,70.35,0,9.7,,0,0,19.4,10.8,189.9,1008,100,24.1,0,0,0,10,Overcast,cloudy,
"London,UK",2024-08-25T02:00:00,15.8,15.8,11.1,73.63,0,3.2,,0,0,22.9,11.4,191.5,1007.7,71.6,24.1,0,0,0,10,Partially cloudy,partly-cloudy-night,
"London,UK",2024-08-25T03:00:00,15.4,15.4,11.4,77.06,0,3.2,,0,0,26.4,12,193.2,1007.3,43.2,24.1,0,0,0,10,Partially cloudy,partly-cloudy-night,
"London,UK",2024-08-25T04:00:00,15.1,15.1,11.8,80.66,0.2,3.2,rain,0,0,29.9,12.6,194.8,1007,14.8,24.1,0,0,0,10,Clear,clear-night,
"London,UK",2024-08-25T05:00:00,15,15,11.5,79.76,0,3.2,,0,0,29.9,11.9,187,1007,31.8,24.1,3,0,0,10,Partially cloudy,partly-cloudy-night,
"London,UK",2024-08-25T06:00:00,14.9,14.9,11.3,78.88,0,3.2,,0,0,29.9,11.2,179.2,1007,48.8,24.1,6,0,0,10,Partially cloudy,partly-cloudy-night,
"London,UK",2024-08-25T07:00:00,14.9,14.9,11.1,78,0,3.2,,0,0,29.9,10.4,171.4,1007,65.8,24.1,9,0,0,10,Partially cloudy,partly-cloudy-day,
"London,UK",2024-08-25T08:00:00,15.7,15.7,10.8,72.8,0,6.5,,0,0,27.1,12.1,201.7,1007.3,58.8,24.1,101,0.3,1,10,Partially cloudy,partly-cloudy-day,
"London,UK",2024-08-25T09:00:00,16.4,16.4,10.5,67.96,0,6.5,,0,0,24.4,13.8,232.1,1007.7,51.7,24.1,193,0.7,2,10,Partially cloudy,partly-cloudy-day,
"London,UK",2024-08-25T10:00:00,17.3,17.3,10.3,63.46,0.1,6.5,rain,0,0,21.6,15.5,262.4,1008,44.7,24.1,285,1,3,10,Partially cloudy,partly-cloudy-day,
"London,UK",2024-08-25T11:00:00,18.4,18.4,9.3,55.26,0,6.5,,0,0,21.6,15.5,254.4,1008,62,24.1,401,1.4,4,10,Partially cloudy,partly-cloudy-day,
"London,UK",2024-08-25T12:00:00,19.5,19.5,8.3,48.12,0,6.5,,0,0,21.6,15.5,246.4,1008,79.4,24.1,517,1.9,5,10,Partially cloudy,partly-cloudy-day,
"London,UK",2024-08-25T13:00:00,20.7,20.7,7.3,41.91,0,6.5,,0,0,21.6,15.5,238.4,1008,96.7,24.1,633,2.3,6,10,Overcast,cloudy,
"London,UK",2024-08-25T14:00:00,20.5,20.5,6.8,41.1,0,16.1,,0,0,21.4,14.9,236.6,1008.3,97.8,24.1,495.3,1.8,5,10,Overcast,cloudy,
"London,UK",2024-08-25T15:00:00,20.3,20.3,6.4,40.31,0,16.1,,0,0,21.1,14.3,234.9,1008.7,98.9,24.1,357.7,1.3,4,10,Overcast,cloudy,
"London,UK",2024-08-25T16:00:00,20.2,20.2,6,39.53,0,16.1,,0,0,20.9,13.7,233.1,1009,100,24.1,220,0.8,2,10,Overcast,cloudy,
"London,UK",2024-08-25T17:00:00,19.5,19.5,6.7,43.52,0,16.1,,0,0,21.7,13.9,235.2,1009.3,98.4,23.4,170,0.6,2,10,Overcast,cloudy,
"London,UK",2024-08-25T18:00:00,18.8,18.8,7.5,47.91,0,16.1,,0,0,22.6,14.2,237.3,1009.7,96.8,22.7,120,0.5,1,10,Overcast,cloudy,
"London,UK",2024-08-25T19:00:00,18.1,18.1,8.3,52.74,0.2,16.1,rain,0,0,23.4,14.4,239.4,1010,95.2,22,70,0.3,1,10,Overcast,cloudy,
"London,UK",2024-08-25T20:00:00,17.2,17.2,9.1,58.93,0,19.4,,0,0,21.4,12.5,262.4,1010.7,65.1,22.7,46.7,0.2,0,10,Partially cloudy,partly-cloudy-day,
"London,UK",2024-08-25T21:00:00,16.3,16.3,9.9,65.84,0,19.4,,0,0,19.3,10.6,285.4,1011.3,35.1,23.4,23.3,0.1,0,10,Partially cloudy,partly-cloudy-night,
"London,UK",2024-08-25T22:00:00,15.5,15.5,10.8,73.57,0.4,19.4,rain,0,0,17.3,8.6,308.4,1012,5,24.1,0,0,0,10,Clear,clear-night,
"London,UK",2024-08-25T23:00:00,15,15,10.3,73.81,0,19.4,,0,0,14.6,7.3,301.8,1012.7,3.3,24.1,0,0,0,10,Clear,clear-night,
"London,UK",2024-08-26T00:00:00,14.5,14.5,9.9,74.05,0,19.4,,0,0,12,6,295.1,1013.3,1.7,24.1,0,0,0,10,Clear,clear-night,
"London,UK",2024-08-26T01:00:00,14,14,9.5,74.3,0,19.4,,0,0,9.4,4.7,288.5,1014,0,24.1,0,0,0,10,Clear,clear-night,
"London,UK",2024-08-26T02:00:00,13.6,13.6,9.6,76.6,0,12.9,,0,0,9.8,5.2,274.1,1014.3,0,24.1,0,0,0,10,Clear,clear-night,
"London,UK",2024-08-26T03:00:00,13.2,13.2,9.7,78.98,0,12.9,,0,0,10.3,5.6,259.7,1014.7,0,24.1,0,0,0,10,Clear,clear-night,
"London,UK",2024-08-26T04:00:00,12.9,12.9,9.8,81.44,0,12.9,,0,0,10.8,6.1,245.3,1015,0,24.1,0,0,0,10,Clear,clear-night,
"London,UK",2024-08-26T05:00:00,12.6,12.6,8.7,77.13,0,12.9,,0,0,12,6.8,246.9,1015.7,1.5,24.1,3,0,0,10,Clear,clear-night,
"London,UK",2024-08-26T06:00:00,12.3,12.3,7.6,73,0,12.9,,0,0,13.2,7.6,248.6,1016.3,3,24.1,6,0,0,10,Clear,clear-night,
"London,UK",2024-08-26T07:00:00,12,12,6.5,69.05,0,12.9,,0,0,14.4,8.3,250.2,1017,4.5,24.1,9,0,0,10,Clear,clear-day,
"London,UK",2024-08-26T08:00:00,13.4,13.4,6.6,63.58,0,12.9,,0,0,14.9,8.9,246.9,1017.3,4.7,24.1,112.7,0.5,1,10,Clear,clear-day,
"London,UK",2024-08-26T09:00:00,14.8,14.8,6.7,58.6,0,12.9,,0,0,15.4,9.5,243.5,1017.7,4.8,24.1,216.3,0.9,2,10,Clear,clear-day,
"London,UK",2024-08-26T10:00:00,16.2,16.2,6.9,54.06,0,12.9,,0,0,15.8,10.1,240.2,1018,5,24.1,320,1.2,3,10,Clear,clear-day,
"London,UK",2024-08-26T11:00:00,17.5,17.5,5.9,46.58,0,12.9,,0,0,16.9,11.3,239.2,1017.7,5,24.1,442.3,1.6,4,10,Clear,clear-day,
"London,UK",2024-08-26T12:00:00,18.8,18.8,5,40.16,0,12.9,,0,0,18,12.5,238.3,1017.3,5,24.1,564.7,2.1,6,10,Clear,clear-day,
"London,UK",2024-08-26T13:00:00,20.2,20.2,4.1,34.63,0,12.9,,0,0,19.1,13.7,237.3,1017,5,24.1,687,2.5,7,10,Clear,clear-day,
"London,UK",2024-08-26T14:00:00,20.7,20.7,4.6,34.77,0,12.9,,0,0,19.6,14.5,232.5,1016.7,36.7,24.1,686,2.5,7,10,Partially cloudy,partly-cloudy-day,
"London,UK",2024-08-26T15:00:00,21.2,21.2,5.1,34.92,0,12.9,,0,0,20,15.4,227.8,1016.3,68.3,24.1,685,2.5,7,10,Partially cloudy,partly-cloudy-day,
"London,UK",2024-08-26T16:00:00,21.7,21.7,5.6,35.06,0,12.9,,0,0,20.5,16.2,223,1016,100,24.1,684,2.5,7,10,Overcast,cloudy,
"London,UK",2024-08-26T17:00:00,20.7,20.7,6.4,39.51,0,12.9,,0,0,21.4,16.6,220.7,1016,67.7,24.1,550.7,2,6,10,Partially cloudy,partly-cloudy-day,
"London,UK",2024-08-26T18:00:00,19.8,19.8,7.4,44.52,0,12.9,,0,0,22.2,16.9,218.5,1016,35.3,24.1,417.3,1.5,4,10,Partially cloudy,partly-cloudy-day,
"London,UK",2024-08-26T19:00:00,18.9,18.9,8.3,50.16,0,12.9,,0,0,23,17.3,216.2,1016,3,24.1,284,1,3,10,Clear,clear-day,
"London,UK",2024-08-26T20:00:00,17.9,17.9,8.6,54.4,0,19.4,,0,0,26.4,16.2,210.3,1016,18.5,24.1,189.3,0.7,0,10,Clear,clear-night,
"London,UK",2024-08-26T21:00:00,17,17,8.9,59.01,0,19.4,,0,0,29.8,15.1,204.3,1016,34,24.1,94.7,0.3,0,10,Partially cloudy,partly-cloudy-night,
"London,UK",2024-08-26T22:00:00,16.1,16.1,9.3,64.04,0,19.4,,0,0,33.1,14,198.4,1016,49.5,24.1,0,0,0,10,Partially cloudy,partly-cloudy-night,
"London,UK",2024-08-26T23:00:00,16.2,16.2,9.6,64.94,0,19.4,,0,0,34.9,14.4,196.2,1015.7,66.3,24.1,0,0,0,10,Partially cloudy,partly-cloudy-night,
"London,UK",2024-08-27T00:00:00,16.3,16.3,9.9,65.84,0,19.4,,0,0,36.7,14.8,193.9,1015.3,83.2,24.1,0,0,0,10,Partially cloudy,partly-cloudy-night,
"London,UK",2024-08-27T01:00:00,16.5,16.5,10.3,66.76,0,19.4,,0,0,38.5,15.1,191.7,1015,100,24.1,0,0,0,10,Overcast,cloudy,
"London,UK",2024-08-27T02:00:00,16.5,16.5,10.3,66.48,0,9.7,,0,0,37,14,185.6,1014.3,100,24.1,0,0,0,10,Overcast,cloudy,
"London,UK",2024-08-27T03:00:00,16.6,16.6,10.3,66.2,0,9.7,,0,0,35.4,13,179.5,1013.7,100,24.1,0,0,0,10,Overcast,cloudy,
"London,UK",2024-08-27T04:00:00,16.7,16.7,10.3,65.92,0,9.7,,0,0,33.8,11.9,173.4,1013,100,24.1,0,0,0,10,Overcast,cloudy,
"London,UK",2024-08-27T05:00:00,16.7,16.7,10.8,68.15,0,9.7,,0,0,33.5,12.5,175.5,1012.7,100,24.1,0.7,0,0,10,Overcast,cloudy,
"London,UK",2024-08-27T06:00:00,16.7,16.7,11.3,70.45,0,9.7,,0,0,33.1,13.1,177.6,1012.3,100,24.1,1.3,0,0,10,Overcast,cloudy,
"London,UK",2024-08-27T07:00:00,16.7,16.7,11.8,72.82,0,9.7,,0,0,32.8,13.7,179.7,1012,100,24.1,2,0,0,10,Overcast,cloudy,
"London,UK",2024-08-27T08:00:00,16.7,16.7,12.8,77.77,0,6.5,,0,0,33.7,14.3,179.6,1011.7,100,21.1,10,0,0,10,Overcast,cloudy,
"London,UK",2024-08-27T09:00:00,16.7,16.7,13.8,83.01,0,6.5,,0,0,34.7,14.9,179.5,1011.3,100,18,18,0.1,0,10,Overcast,cloudy,
"London,UK",2024-08-27T10:00:00,16.8,16.8,14.9,88.56,0.2,6.5,rain,0,0,35.6,15.5,179.4,1011,100,15,26,0.1,0,10,Overcast,cloudy,
"London,UK",2024-08-27T11:00:00,16.8,16.8,15.1,90.09,0,6.5,,0,0,35.2,15.5,179.4,1010.7,100,17.9,29.7,0.1,0,10,Overcast,cloudy,
"London,UK",2024-08-27T12:00:00,16.8,16.8,15.4,91.65,0,6.5,,0,0,34.7,15.5,179.5,1010.3,100,20.8,33.3,0.1,0,10,Overcast,cloudy,
"London,UK",2024-08-27T13:00:00,16.8,16.8,15.7,93.23,3.4,6.5,rain,0,0,34.2,15.5,179.5,1010,100,23.7,37,0.1,0,10,Overcast,cloudy,
"London,UK",2024-08-27T14:00:00,17.1,17.1,16.1,93.84,0,9.7,,0,0,34.2,15.1,181.3,1009.7,100,18.4,75.7,0.3,1,10,Overcast,cloudy,
"London,UK",2024-08-27T15:00:00,17.4,17.4,16.5,94.45,0,9.7,,0,0,34.2,14.8,183.1,1009.3,100,13.2,114.3,0.4,1,10,Overcast,cloudy,
"London,UK",2024-08-27T16:00:00,17.7,17.7,16.9,95.07,2.1,9.7,rain,0,0,34.2,14.4,184.9,1009,100,7.9,153,0.6,2,10,Overcast,cloudy,
"London,UK",2024-08-27T17:00:00,17.6,17.6,16.7,94.46,0,9.7,,0,0,31.4,13.4,191.7,1009,100,7.1,110,0.4,1,10,Overcast,cloudy,
"London,UK",2024-08-27T18:00:00,17.5,17.5,16.4,93.86,0,9.7,,0,0,28.7,12.5,198.6,1009,100,6.3,67,0.3,1,10,Overcast,cloudy,
"London,UK",2024-08-27T19:00:00,17.4,17.4,16.3,93.26,5,9.7,rain,0,0,25.9,11.5,205.4,1009,100,5.5,24,0.1,0,10,Overcast,cloudy,
"London,UK",2024-08-27T20:00:00,16.9,16.9,15.8,93.43,0,9.7,,0,0,26,11.3,212.2,1009.3,100,11.7,16,0.1,0,10,Overcast,cloudy,
"London,UK",2024-08-27T21:00:00,16.4,16.4,15.4,93.61,0,9.7,,0,0,26.2,11,219.1,1009.7,100,17.9,8,0,0,10,Overcast,cloudy,
"London,UK",2024-08-27T22:00:00,16,16,15,93.79,1.2,9.7,rain,0,0,26.3,10.8,225.9,1010,100,24.1,0,0,0,10,Overcast,cloudy,
"London,UK",2024-08-27T23:00:00,15.6,15.6,14.6,93.77,0,9.7,,0,0,24,9.4,235,1010,67.3,24.1,0,0,0,10,Partially cloudy,partly-cloudy-night,
